"Symbol","Name","LastSale","MarketCap","IPOyear","Sector","industry","Summary Quote",
"GOED","1847 Goedeker Inc.","8.4225","$49.37M","2020","Consumer Services","Home Furnishings","https://old.nasdaq.com/symbol/goed",
"XXII","22nd Century Group, Inc","0.7295","$101.29M","n/a","Consumer Non-Durables","Farming/Seeds/Milling","https://old.nasdaq.com/symbol/xxii",
"FAX","Aberdeen Asia-Pacific Income Fund Inc","4.13","$1.02B","1986","n/a","n/a","https://old.nasdaq.com/symbol/fax",
"IAF","Aberdeen Australia Equity Fund Inc","4.73","$107.57M","n/a","n/a","n/a","https://old.nasdaq.com/symbol/iaf",
"AEF","Aberdeen Emerging Markets Equity Income Fund, Inc.","6.67","$338.51M","n/a","n/a","n/a","https://old.nasdaq.com/symbol/aef",
"FCO","Aberdeen Global Income Fund, Inc.","7.12","$62.12M","1992","n/a","n/a","https://old.nasdaq.com/symbol/fco",
"ACU","Acme United Corporation.","22.49","$75.07M","1988","Capital Goods","Industrial Machinery/Components","https://old.nasdaq.com/symbol/acu",
"ATNM","Actinium Pharmaceuticals, Inc.","0.4251","$167.98M","n/a","Health Care","Major Pharmaceuticals","https://old.nasdaq.com/symbol/atnm",
"AE","Adams Resources & Energy, Inc.","22.16","$93.86M","n/a","Energy","Oil Refining/Marketing","https://old.nasdaq.com/symbol/ae",
"ACY","AeroCentury Corp.","3.16","$4.88M","n/a","Technology","Diversified Commercial Services","https://old.nasdaq.com/symbol/acy",
"UAVS","AgEagle Aerial Systems, Inc.","3.26","$142.2M","n/a","Capital Goods","Aerospace","https://old.nasdaq.com/symbol/uavs",
"AGE","AgeX Therapeutics, Inc.","1.37","$51.59M","2018","Health Care","Major Pharmaceuticals","https://old.nasdaq.com/symbol/age",
"AIRI","Air Industries Group","1.27","$38.84M","n/a","Capital Goods","Military/Government/Technical","https://old.nasdaq.com/symbol/airi",
"AXU","Alexco Resource Corp","2.93","$397.56M","n/a","Basic Industries","Precious Metals","https://old.nasdaq.com/symbol/axu",
"AAU","Almaden Minerals, Ltd.","0.7183","$84.23M","2015","Basic Industries","Precious Metals","https://old.nasdaq.com/symbol/aau",
"APT","Alpha Pro Tech, Ltd.","18.24","$247.66M","n/a","Health Care","Industrial Specialties","https://old.nasdaq.com/symbol/apt",
"AAMC","Altisource Asset Management Corp","13.1","$21.3M","n/a","Finance","Real Estate","https://old.nasdaq.com/symbol/aamc",
"AMBO","Ambow Education Holding Ltd.","3.04","$66.24M","n/a","Consumer Services","Other Consumer Services","https://old.nasdaq.com/symbol/ambo",
"DIT","AMCON Distributing Company","72.4","$40.9M","n/a","Consumer Non-Durables","Food Distributors","https://old.nasdaq.com/symbol/dit",
"AMS","American Shared Hospital Services","2.16","$12.29M","n/a","Health Care","Medical Specialities","https://old.nasdaq.com/symbol/ams",
"USAS","Americas Gold and Silver Corporation","3.35","$355.09M","2017","Basic Industries","Precious Metals","https://old.nasdaq.com/symbol/usas",
"AMPE","Ampio Pharmaceuticals, Inc.","1.02","$180.07M","n/a","Health Care","Major Pharmaceuticals","https://old.nasdaq.com/symbol/ampe",
"ANVS","Annovis Bio, Inc.","5.55","$38.11M","2020","Health Care","Major Pharmaceuticals","https://old.nasdaq.com/symbol/anvs",
"ARMP","Armata Pharmaceuticals, Inc.","3.65","$68.05M","n/a","Health Care","Biotechnology: Biological Products (No Diagnostic Substances)","https://old.nasdaq.com/symbol/armp",
"AINC","Ashford Inc.","6.81","$17.21M","2014","Consumer Services","Professional Services","https://old.nasdaq.com/symbol/ainc",
"AUG","Auryn Resources Inc.","2.39","$254.97M","n/a","Basic Industries","Precious Metals","https://old.nasdaq.com/symbol/aug",
"AWX","Avalon Holdings Corporation","1.78","$6.9M","n/a","Public Utilities","Environmental Services","https://old.nasdaq.com/symbol/awx",
"ASM","Avino Silver","1.3","$108.8M","n/a","Basic Industries","Precious Metals","https://old.nasdaq.com/symbol/asm",
"BTG","B2Gold Corp","6.99","$7.29B","n/a","Basic Industries","Precious Metals","https://old.nasdaq.com/symbol/btg",
"BTN","Ballantyne Strong, Inc","1.84","$26.96M","n/a","Miscellaneous","Industrial Machinery/Components","https://old.nasdaq.com/symbol/btn",
"BCV","Bancroft Fund Limited","26.9207","$144.11M","n/a","n/a","n/a","https://old.nasdaq.com/symbol/bcv",
"BCV^A","Bancroft Fund Limited","25.7135","n/a","n/a","n/a","n/a","https://old.nasdaq.com/symbol/bcv^a",
"BHB","Bar Harbor Bankshares, Inc.","21.46","$333.35M","n/a","Finance","Major Banks","https://old.nasdaq.com/symbol/bhb",
"BRN","Barnwell Industries, Inc.","0.9602","$7.95M","n/a","Energy","Oil & Gas Production","https://old.nasdaq.com/symbol/brn",
"BATL","Battalion Oil Corporation","8.99","$145.67M","n/a","Energy","Oil & Gas Production","https://old.nasdaq.com/symbol/batl",
"BIOX","Bioceres Crop Solutions Corp.","5.855","$211.49M","2018","Basic Industries","Agricultural Chemicals","https://old.nasdaq.com/symbol/biox",
"BIOX.WS","Bioceres Crop Solutions Corp.","n/a","n/a","n/a","n/a","n/a","https://old.nasdaq.com/symbol/biox.ws",
"PHGE","BiomX Inc.","5.63","$129.07M","2019","Health Care","Biotechnology: Biological Products (No Diagnostic Substances)","https://old.nasdaq.com/symbol/phge",
"PHGE.U","BiomX Inc.","n/a","n/a","2018","n/a","n/a","https://old.nasdaq.com/symbol/phge.u",
"PHGE.WS","BiomX Inc.","n/a","n/a","n/a","n/a","n/a","https://old.nasdaq.com/symbol/phge.ws",
"BGI","Birks Group Inc.","0.9435","$16.96M","n/a","Consumer Services","Consumer Specialties","https://old.nasdaq.com/symbol/bgi",
"BKTI","BK Technologies Corporation","3.39","$42.35M","n/a","Technology","Radio And Television Broadcasting And Communications Equipment","https://old.nasdaq.com/symbol/bkti",
"BDR","Blonder Tongue Laboratories, Inc.","0.774","$7.46M","n/a","Technology","Radio And Television Broadcasting And Communications Equipment","https://old.nasdaq.com/symbol/bdr",
"BRBS","Blue Ridge Bankshares, Inc.","14.65","$82.83M","n/a","Finance","Major Banks","https://old.nasdaq.com/symbol/brbs",
"BRG","Bluerock Residential Growth REIT, Inc.","7.73","$190.8M","2014","Consumer Services","Real Estate Investment Trusts","https://old.nasdaq.com/symbol/brg",
"BRG^A","Bluerock Residential Growth REIT, Inc.","24.78","n/a","n/a","n/a","n/a","https://old.nasdaq.com/symbol/brg^a",
"BRG^C","Bluerock Residential Growth REIT, Inc.","23.9029","n/a","n/a","n/a","n/a","https://old.nasdaq.com/symbol/brg^c",
"BRG^D","Bluerock Residential Growth REIT, Inc.","22.7","n/a","n/a","n/a","n/a","https://old.nasdaq.com/symbol/brg^d",
"DMF","BNY Mellon Municipal Income Inc.","8.88","$184.25M","1988","n/a","n/a","https://old.nasdaq.com/symbol/dmf",
"BWL.A","Bowl America, Inc.","n/a","n/a","n/a","n/a","n/a","https://old.nasdaq.com/symbol/bwl.a",
"BRMK.WS","Broadmark Realty Capital Inc.","n/a","n/a","n/a","n/a","n/a","https://old.nasdaq.com/symbol/brmk.ws",
"CMCL","Caledonia Mining Corporation Plc","23.5","$270.74M","n/a","Basic Industries","Precious Metals","https://old.nasdaq.com/symbol/cmcl",
"CEI","Camber Energy, Inc.","0.848","$14.78M","n/a","Energy","Oil & Gas Production","https://old.nasdaq.com/symbol/cei",
"CANF","Can-Fite Biopharma Ltd","2.15","$33.14M","n/a","Health Care","Major Pharmaceuticals","https://old.nasdaq.com/symbol/canf",
"YCBD","cbdMD, Inc.","3.67","$188.4M","2017","Consumer Non-Durables","Package Goods/Cosmetics","https://old.nasdaq.com/symbol/ycbd",
"YCBD^A","cbdMD, Inc.","8.5","n/a","n/a","n/a","n/a","https://old.nasdaq.com/symbol/ycbd^a",
"CVM","Cel-Sci Corporation","12.19","$458.76M","n/a","Health Care","Biotechnology: Biological Products (No Diagnostic Substances)","https://old.nasdaq.com/symbol/cvm",
"CET","Central Securities Corporation","29.14","$754.41M","n/a","n/a","n/a","https://old.nasdaq.com/symbol/cet",
"LEU","Centrus Energy Corp.","17.065","$162.16M","2014","Basic Industries","Mining & Quarrying of Nonmetallic Minerals (No Fuels)","https://old.nasdaq.com/symbol/leu",
"CHAQ","Chardan Healthcare Acquisition 2 Corp.","9.98","n/a","2020","Finance","Business Services","https://old.nasdaq.com/symbol/chaq",
"CHAQ.U","Chardan Healthcare Acquisition 2 Corp.","n/a","n/a","2020","n/a","n/a","https://old.nasdaq.com/symbol/chaq.u",
"CHAQ.WS","Chardan Healthcare Acquisition 2 Corp.","n/a","n/a","n/a","n/a","n/a","https://old.nasdaq.com/symbol/chaq.ws",
"CCF","Chase Corporation","104.85","$990.06M","n/a","Consumer Durables","Building Products","https://old.nasdaq.com/symbol/ccf",
"CQP","Cheniere Energy Partners, LP","36.81","$17.82B","2007","Public Utilities","Oil/Gas Transmission","https://old.nasdaq.com/symbol/cqp",
"LNG","Cheniere Energy, Inc.","53.34","$13.45B","n/a","Public Utilities","Oil/Gas Transmission","https://old.nasdaq.com/symbol/lng",
"CVR","Chicago Rivet & Machine Co.","21","$20.29M","n/a","Technology","Industrial Machinery/Components","https://old.nasdaq.com/symbol/cvr",
"CPHI","China Pharma Holdings, Inc.","0.4967","$21.65M","n/a","Health Care","Major Pharmaceuticals","https://old.nasdaq.com/symbol/cphi",
"CKX","CKX Lands, Inc.","9.3525","$18.17M","n/a","Energy","Oil & Gas Production","https://old.nasdaq.com/symbol/ckx",
"GLV","Clough Global Dividend and Income Fund","9.85","$82.82M","2004","n/a","n/a","https://old.nasdaq.com/symbol/glv",
"GLQ","Clough Global Equity Fund","11.81","$156.26M","2005","n/a","n/a","https://old.nasdaq.com/symbol/glq",
"GLO","Clough Global Opportunities Fund","9.66","$311.29M","2006","n/a","n/a","https://old.nasdaq.com/symbol/glo",
"COHN","Cohen & Company Inc.","19.02","$23.71M","n/a","Finance","Investment Bankers/Brokers/Service","https://old.nasdaq.com/symbol/cohn",
"CIX","CompX International Inc.","13.84","$172.32M","1998","Capital Goods","Industrial Machinery/Components","https://old.nasdaq.com/symbol/cix",
"LODE","Comstock Mining, Inc.","0.85","$27.18M","n/a","Basic Industries","Precious Metals","https://old.nasdaq.com/symbol/lode",
"CDOR","Condor Hospitality Trust, Inc.","4.17","$50.06M","n/a","Consumer Services","Real Estate Investment Trusts","https://old.nasdaq.com/symbol/cdor",
"MCF","Contango Oil & Gas Company","2.15","$283.27M","n/a","Energy","Oil & Gas Production","https://old.nasdaq.com/symbol/mcf",
"CMT","Core Molding Technologies Inc","5.53","$45.42M","n/a","Consumer Non-Durables","Plastic Products","https://old.nasdaq.com/symbol/cmt",
"CRMD","CorMedix Inc.","4.12","$107.64M","n/a","Health Care","Major Pharmaceuticals","https://old.nasdaq.com/symbol/crmd",
"CRF","Cornerstone Strategic Return Fund, Inc. (The)","10.95","$436.32M","n/a","n/a","n/a","https://old.nasdaq.com/symbol/crf",
"CLM","Cornerstone Strategic Value Fund, Inc.","11.12","$836.59M","1987","n/a","n/a","https://old.nasdaq.com/symbol/clm",
"CVU","CPI Aerostructures, Inc.","3.38","$40.08M","n/a","Capital Goods","Military/Government/Technical","https://old.nasdaq.com/symbol/cvu",
"CIK","Credit Suisse Asset Management Income Fund, Inc.","2.87","$150.12M","n/a","n/a","n/a","https://old.nasdaq.com/symbol/cik",
"DHY","Credit Suisse High Yield Bond Fund","2.1","$217.37M","1998","n/a","n/a","https://old.nasdaq.com/symbol/dhy",
"CRHM","CRH Medical Corporation","2.4","$171.75M","2015","Health Care","Medical/Nursing Services","https://old.nasdaq.com/symbol/crhm",
"CTO","CTO Realty Growth, Inc.","42.4","$199.84M","n/a","Finance","Real Estate","https://old.nasdaq.com/symbol/cto",
"CTEK","CynergisTek, Inc.","1.85","$19.33M","2017","Miscellaneous","Business Services","https://old.nasdaq.com/symbol/ctek",
"DXR","Daxor Corporation","17.95","$69.8M","n/a","Health Care","Medical/Dental Instruments","https://old.nasdaq.com/symbol/dxr",
"VCF","Delaware Investments Colorado Municipal Income Fund, Inc","14.274","$69.04M","1993","n/a","n/a","https://old.nasdaq.com/symbol/vcf",
"VFL","Delaware Investments Florida Insured Municipal Income Fund","13.0225","$58.97M","1993","n/a","n/a","https://old.nasdaq.com/symbol/vfl",
"VMM","Delaware Investments Minnesota Municipal Income Fund II, Inc.","12.99","$149.45M","1993","n/a","n/a","https://old.nasdaq.com/symbol/vmm",
"DLA","Delta Apparel, Inc.","14.01","$96.53M","n/a","Consumer Non-Durables","Apparel","https://old.nasdaq.com/symbol/dla",
"DNN","Denison Mine Corp","0.495","$309.9M","n/a","Basic Industries","Precious Metals","https://old.nasdaq.com/symbol/dnn",
"DSS","Document Security Systems, Inc.","9.4","$39.28M","n/a","Consumer Durables","Containers/Packaging","https://old.nasdaq.com/symbol/dss",
"DPW","DPW Holdings, Inc.","2.56","$15.65M","n/a","Capital Goods","Industrial Machinery/Components","https://old.nasdaq.com/symbol/dpw",
"DXF","Dunxin Financial Holdings Limited","0.6841","$14.27M","n/a","Finance","Finance: Consumer Services","https://old.nasdaq.com/symbol/dxf",
"GRF","Eagle Capital Growth Fund, Inc.","7.17","$29.21M","n/a","n/a","n/a","https://old.nasdaq.com/symbol/grf",
"EVM","Eaton Vance California Municipal Bond Fund","11.71","$292.68M","2002","n/a","n/a","https://old.nasdaq.com/symbol/evm",
"CEV","Eaton Vance California Municipal Income Trust","13.73","$97.94M","1999","n/a","n/a","https://old.nasdaq.com/symbol/cev",
"EVV","Eaton Vance Limited Duration Income Fund","11.8","$1.37B","2003","n/a","n/a","https://old.nasdaq.com/symbol/evv",
"EIM","Eaton Vance Municipal Bond Fund","13.35","$960.58M","2002","n/a","n/a","https://old.nasdaq.com/symbol/eim",
"ENX","Eaton Vance New York Municipal Bond Fund","12.29","$222.67M","2002","n/a","n/a","https://old.nasdaq.com/symbol/enx",
"EVY","Eaton Vance New York Municipal Income Trust","13.44","$72.6M","1999","n/a","n/a","https://old.nasdaq.com/symbol/evy",
"ELMD","Electromed, Inc.","17.77","$150.76M","2011","Health Care","Biotechnology: Electromedical & Electrotherapeutic Apparatus","https://old.nasdaq.com/symbol/elmd",
"ELLO","Ellomay Capital Ltd.","26.79","$326.68M","n/a","Public Utilities","Electric Utilities: Central","https://old.nasdaq.com/symbol/ello",
"ECF","Ellsworth Growth and Income Fund Ltd.","12.28","$162.16M","1986","n/a","n/a","https://old.nasdaq.com/symbol/ecf",
"ECF^A","Ellsworth Growth and Income Fund Ltd.","26.05","n/a","n/a","n/a","n/a","https://old.nasdaq.com/symbol/ecf^a",
"EMAN","eMagin Corporation","1.32","$80.8M","n/a","Technology","Semiconductors","https://old.nasdaq.com/symbol/eman",
"MSN","Emerson Radio Corporation","0.757","$15.93M","n/a","Consumer Non-Durables","Consumer Electronics/Appliances","https://old.nasdaq.com/symbol/msn",
"EMX","EMX Royalty Corporation","2.88","$239.44M","n/a","Basic Industries","Precious Metals","https://old.nasdaq.com/symbol/emx",
"UUUU","Energy Fuels Inc","1.77","$222.25M","n/a","Basic Industries","Mining & Quarrying of Nonmetallic Minerals (No Fuels)","https://old.nasdaq.com/symbol/uuuu",
"UUUU.WS","Energy Fuels Inc","n/a","n/a","n/a","n/a","n/a","https://old.nasdaq.com/symbol/uuuu.ws",
"ENSV","ENSERVCO Corporation","0.1726","$9.6M","n/a","Energy","Oilfield Services/Equipment","https://old.nasdaq.com/symbol/ensv",
"ELA","Envela Corporation","4.21","$113.35M","n/a","Consumer Services","Consumer Specialties","https://old.nasdaq.com/symbol/ela",
"EQX","Equinox Gold Corp.","12.27","$2.92B","n/a","Basic Industries","Precious Metals","https://old.nasdaq.com/symbol/eqx",
"ESP","Espey Mfg. & Electronics Corp.","18.75","$45.05M","n/a","Capital Goods","Industrial Machinery/Components","https://old.nasdaq.com/symbol/esp",
"EVBN","Evans Bancorp, Inc.","23.28","$125.17M","n/a","Finance","Major Banks","https://old.nasdaq.com/symbol/evbn",
"EVI","EVI Industries, Inc.","26.6","$316.93M","n/a","Consumer Services","Other Consumer Services","https://old.nasdaq.com/symbol/evi",
"EPM","Evolution Petroleum Corporation, Inc.","2.8","$92.28M","n/a","Energy","Oil & Gas Production","https://old.nasdaq.com/symbol/epm",
"FEN","First Trust Energy Income and Growth Fund","10.15","$203.21M","2004","n/a","n/a","https://old.nasdaq.com/symbol/fen",
"BDL","Flanigan&#39;s Enterprises, Inc.","15.11","$28.08M","n/a","Consumer Services","Restaurants","https://old.nasdaq.com/symbol/bdl",
"FSI","Flexible Solutions International Inc.","2.39","$29.25M","n/a","Basic Industries","Major Chemicals","https://old.nasdaq.com/symbol/fsi",
"FTF","Franklin Limited Duration Income Trust","8.78","$264.62M","2003","n/a","n/a","https://old.nasdaq.com/symbol/ftf",
"FSP","Franklin Street Properties Corp.","5.51","$591.38M","n/a","Consumer Services","Real Estate Investment Trusts","https://old.nasdaq.com/symbol/fsp",
"FRD","Friedman Industries Inc.","5.12","$36.25M","n/a","Capital Goods","Steel/Iron Ore","https://old.nasdaq.com/symbol/frd",
"FTSI","FTS International, Inc.","6.66","$35.82M","2018","Energy","Oilfield Services/Equipment","https://old.nasdaq.com/symbol/ftsi",
"GAU","Galiano Gold Inc.","1.76","$392.17M","n/a","Basic Industries","Mining & Quarrying of Nonmetallic Minerals (No Fuels)","https://old.nasdaq.com/symbol/gau",
"GGN","GAMCO Global Gold, Natural Reources & Income Trust ","3.675","$607.54M","2005","n/a","n/a","https://old.nasdaq.com/symbol/ggn",
"GGN^B","GAMCO Global Gold, Natural Reources & Income Trust ","25.54","n/a","n/a","n/a","n/a","https://old.nasdaq.com/symbol/ggn^b",
"JOB","GEE Group Inc.","1.19","$21M","n/a","Technology","Diversified Commercial Services","https://old.nasdaq.com/symbol/job",
"GMO","General Moly, Inc","0.25","$38.17M","n/a","Basic Industries","Precious Metals","https://old.nasdaq.com/symbol/gmo",
"GSB","GlobalSCAPE, Inc.","9.61","$180.5M","n/a","Technology","Computer Software: Prepackaged Software","https://old.nasdaq.com/symbol/gsb",
"GSAT","Globalstar, Inc.","0.37","$617.4M","2006","Consumer Services","Telecommunications Equipment","https://old.nasdaq.com/symbol/gsat",
"GORO","Gold Resource Corporation","4.45","$311.84M","n/a","Basic Industries","Precious Metals","https://old.nasdaq.com/symbol/goro",
"GSV","Gold Standard Ventures Corporation","1.05","$298.6M","n/a","Basic Industries","Mining & Quarrying of Nonmetallic Minerals (No Fuels)","https://old.nasdaq.com/symbol/gsv",
"AUMN","Golden Minerals Company","0.4354","$64.75M","n/a","Basic Industries","Precious Metals","https://old.nasdaq.com/symbol/aumn",
"GSS","Golden Star Resources, Ltd","4.85","$533.32M","n/a","Basic Industries","Precious Metals","https://old.nasdaq.com/symbol/gss",
"GV","Goldfield Corporation (The)","4.01","$98.34M","n/a","Basic Industries","Water Supply","https://old.nasdaq.com/symbol/gv",
"GDP","Goodrich Petroleum Corporation","8.26","$104.61M","2017","Energy","Oil & Gas Production","https://old.nasdaq.com/symbol/gdp",
"GTE","Gran Tierra Energy Inc.","0.3036","$111.42M","n/a","Energy","Oil & Gas Production","https://old.nasdaq.com/symbol/gte",
"GPL","Great Panther Mining Limited","0.9273","$327.01M","n/a","Basic Industries","Precious Metals","https://old.nasdaq.com/symbol/gpl",
"SIM","Grupo Simec, S.A. de C.V.","6.2035","$958.25M","1993","Basic Industries","Steel/Iron Ore","https://old.nasdaq.com/symbol/sim",
"AIM","Hemispherx BioPharma, Inc.","2.99","$97.55M","n/a","Health Care","Biotechnology: Biological Products (No Diagnostic Substances)","https://old.nasdaq.com/symbol/aim",
"HLM^","Hillman Group Capital Trust","28.9437","n/a","n/a","n/a","n/a","https://old.nasdaq.com/symbol/hlm^",
"HMG","HMG/Courtland Properties, Inc.","10.2","$10.27M","n/a","Consumer Services","Real Estate Investment Trusts","https://old.nasdaq.com/symbol/hmg",
"HUSA","Houston American Energy Corporation","1.47","$10.23M","n/a","Energy","Oil & Gas Production","https://old.nasdaq.com/symbol/husa",
"HWM^","Howmet Aerospace Inc.","73.5","n/a","n/a","n/a","n/a","https://old.nasdaq.com/symbol/hwm^",
"IBIO","iBio, Inc.","3.8","$546.76M","n/a","Health Care","Major Pharmaceuticals","https://old.nasdaq.com/symbol/ibio",
"IBO","IBO (Listing Market - NYSE Amex Network B F)","24.84","n/a","n/a","n/a","n/a","https://old.nasdaq.com/symbol/ibo",
"IMH","Impac Mortgage Holdings, Inc.","1.45","$30.78M","1997","Consumer Services","Real Estate Investment Trusts","https://old.nasdaq.com/symbol/imh",
"IMO","Imperial Oil Limited","16.24","$11.92B","n/a","Energy","Integrated oil Companies","https://old.nasdaq.com/symbol/imo",
"IOR","Income Opportunity Realty Investors, Inc.","11.9894","$49.97M","n/a","Consumer Services","Real Estate Investment Trusts","https://old.nasdaq.com/symbol/ior",
"IGC","India Globalization Capital Inc.","0.705","$29.04M","n/a","Technology","Electronic Components","https://old.nasdaq.com/symbol/igc",
"INDO","Indonesia Energy Corporation Limited","4.675","$34.63M","2019","Energy","Oil & Gas Production","https://old.nasdaq.com/symbol/indo",
"INFU","InfuSystems Holdings, Inc.","13.87","$278.36M","n/a","Health Care","Medical/Dental Instruments","https://old.nasdaq.com/symbol/infu",
"IHT","InnSuites Hospitality Trust","1.12","$10.43M","n/a","Consumer Services","Real Estate Investment Trusts","https://old.nasdaq.com/symbol/iht",
"NSPR","InspireMD Inc.","0.4507","$15.03M","n/a","Health Care","Medical/Dental Instruments","https://old.nasdaq.com/symbol/nspr",
"NSPR.WS","InspireMD Inc.","n/a","n/a","n/a","n/a","n/a","https://old.nasdaq.com/symbol/nspr.ws",
"NSPR.WS.B","InspireMD Inc.","n/a","n/a","n/a","n/a","n/a","https://old.nasdaq.com/symbol/nspr.ws.b",
"ITRG","Integra Resources Corp.","3.76","$179.82M","n/a","Basic Industries","Precious Metals","https://old.nasdaq.com/symbol/itrg",
"INS","Intelligent Systems Corporation","34.47","$307.64M","1992","Technology","Computer Software: Prepackaged Software","https://old.nasdaq.com/symbol/ins",
"THM","International Tower Hill Mines Ltd","1.32","$247.6M","n/a","Basic Industries","Precious Metals","https://old.nasdaq.com/symbol/thm",
"INTT","inTest Corporation","4.695","$48.98M","1997","Capital Goods","Electrical Products","https://old.nasdaq.com/symbol/intt",
"INUV","Inuvo, Inc","0.657","$63.84M","n/a","Consumer Services","Advertising","https://old.nasdaq.com/symbol/inuv",
"VKI","Invesco Advantage Municipal Income Trust II","11.17","$495.85M","n/a","n/a","n/a","https://old.nasdaq.com/symbol/vki",
"ISR","IsoRay, Inc.","0.658","$44.51M","n/a","Health Care","Medical/Dental Instruments","https://old.nasdaq.com/symbol/isr",
"ISDR","Issuer Direct Corporation","17.1","$63.86M","n/a","Miscellaneous","Publishing","https://old.nasdaq.com/symbol/isdr",
"ITP","IT Tech Packaging, Inc.","0.5004","$14.27M","n/a","Consumer Durables","Containers/Packaging","https://old.nasdaq.com/symbol/itp",
"KLR","Kaleyra, Inc.","5.87","$170.14M","2018","Technology","EDP Services","https://old.nasdaq.com/symbol/klr",
"KLR.WS","Kaleyra, Inc.","n/a","n/a","n/a","n/a","n/a","https://old.nasdaq.com/symbol/klr.ws",
"KIQ","Kelso Technologies Inc","0.77","$36.32M","n/a","Capital Goods","Railroads","https://old.nasdaq.com/symbol/kiq",
"LGL","LGL Group, Inc. (The)","9.99","$52.07M","n/a","Capital Goods","Industrial Machinery/Components","https://old.nasdaq.com/symbol/lgl",
"LCTX","Lineage Cell Therapeutics, Inc.","0.908","$136.04M","n/a","Health Care","Biotechnology: Biological Products (No Diagnostic Substances)","https://old.nasdaq.com/symbol/lctx",
"MAG","MAG Silver Corporation","16.42","$1.5B","n/a","Basic Industries","Precious Metals","https://old.nasdaq.com/symbol/mag",
"MHH","Mastech Digital, Inc","22.66","$257.84M","n/a","Consumer Services","Professional Services","https://old.nasdaq.com/symbol/mhh",
"MTNB","Matinas Biopharma Holdings, Inc.","0.889","$176.8M","2017","Health Care","Major Pharmaceuticals","https://old.nasdaq.com/symbol/mtnb",
"MMX","Maverix Metals Inc.","4.61","$590.13M","n/a","Basic Industries","Precious Metals","https://old.nasdaq.com/symbol/mmx",
"IPB","Merrill Lynch & Co., Inc. 6.0518% Index Plus Trust Certificate","29","n/a","n/a","Finance","Finance: Consumer Services","https://old.nasdaq.com/symbol/ipb",
"MTA","Metalla Royalty & Streaming Ltd.","9.16","$330.02M","n/a","Basic Industries","Precious Metals","https://old.nasdaq.com/symbol/mta",
"MXC","Mexco Energy Corporation","6.51","$13.28M","n/a","Energy","Oil & Gas Production","https://old.nasdaq.com/symbol/mxc",
"MLSS","Milestone Scientific, Inc.","1.88","$117.02M","2015","Health Care","Industrial Specialties","https://old.nasdaq.com/symbol/mlss",
"MYO","Myomo Inc.","3.92","$11.03M","2017","Health Care","Industrial Specialties","https://old.nasdaq.com/symbol/myo",
"NNVC","NanoViricides, Inc.","6.34","$67.51M","n/a","Health Care","Biotechnology: Commercial Physical & Biological Resarch","https://old.nasdaq.com/symbol/nnvc",
"ATEST","NASDAQ TEST STOCK","27.52","n/a","n/a","n/a","n/a","https://old.nasdaq.com/symbol/atest",
"ATEST.A","NASDAQ TEST STOCK","n/a","n/a","n/a","n/a","n/a","https://old.nasdaq.com/symbol/atest.a",
"ATEST.B","NASDAQ TEST STOCK","n/a","n/a","n/a","n/a","n/a","https://old.nasdaq.com/symbol/atest.b",
"ATEST.C","NASDAQ TEST STOCK","n/a","n/a","n/a","n/a","n/a","https://old.nasdaq.com/symbol/atest.c",
"NHC","National HealthCare Corporation","66.15","$1.02B","n/a","Health Care","Hospital/Nursing Management","https://old.nasdaq.com/symbol/nhc",
"NAVB","Navidea Biopharmaceuticals, Inc.","4.78","$121.63M","n/a","Health Care","Biotechnology: In Vitro & In Vivo Diagnostic Substances","https://old.nasdaq.com/symbol/navb",
"NTIP","Network-1 Technologies, Inc.","2.18","$52.37M","n/a","Miscellaneous","Multi-Sector Companies","https://old.nasdaq.com/symbol/ntip",
"NBW","Neuberger Berman California Municipal Fund Inc","13.6899","$75.99M","2002","n/a","n/a","https://old.nasdaq.com/symbol/nbw",
"NHS","Neuberger Berman High Yield Strategies Fund","11.32","$221.2M","n/a","n/a","n/a","https://old.nasdaq.com/symbol/nhs",
"NML","Neuberger Berman MLP and Energy Income Fund Inc.","3.03","$171.68M","2013","n/a","n/a","https://old.nasdaq.com/symbol/nml",
"NBH","Neuberger Berman Municipal Fund Inc.","15.53","$292.16M","2002","n/a","n/a","https://old.nasdaq.com/symbol/nbh",
"NBO","Neuberger Berman New York Municipal Fund Inc.","12.2","$61.94M","2002","n/a","n/a","https://old.nasdaq.com/symbol/nbo",
"NRO","Neuberger Berman Real Estate Securities Income Fund, Inc.","4.08","$193.48M","2003","n/a","n/a","https://old.nasdaq.com/symbol/nro",
"GBR","New Concept Energy, Inc","1.46","$7.49M","n/a","Energy","Oil & Gas Production","https://old.nasdaq.com/symbol/gbr",
"NEN","New England Realty Associates Limited Partnership","52.5","$191.77M","n/a","Consumer Services","Building operators","https://old.nasdaq.com/symbol/nen",
"NGD","New Gold Inc.","1.61","$1.09B","n/a","Basic Industries","Precious Metals","https://old.nasdaq.com/symbol/ngd",
"NXE","Nexgen Energy Ltd.","1.71","$636.48M","n/a","Basic Industries","Precious Metals","https://old.nasdaq.com/symbol/nxe",
"NAK","Northern Dynasty Minerals, Ltd.","1.57","$766.04M","n/a","Basic Industries","Precious Metals","https://old.nasdaq.com/symbol/nak",
"NOG","Northern Oil and Gas, Inc.","0.8352","$364.14M","n/a","Energy","Oil & Gas Production","https://old.nasdaq.com/symbol/nog",
"NBY","NovaBay Pharmaceuticals, Inc.","1.14","$38.05M","2007","Health Care","Major Pharmaceuticals","https://old.nasdaq.com/symbol/nby",
"NG","Novagold Resources Inc.","9.09","$3B","n/a","Basic Industries","Precious Metals","https://old.nasdaq.com/symbol/ng",
"NTN","NTN Buzztime, Inc.","1.99","$5.84M","n/a","Consumer Services","Broadcasting","https://old.nasdaq.com/symbol/ntn",
"NES","Nuverra Environmental Solutions, Inc.","1.93","$30.42M","2017","Energy","Oilfield Services/Equipment","https://old.nasdaq.com/symbol/nes",
"OBLG","Oblong Inc.","2.94","$15.37M","n/a","Technology","Computer Software: Programming, Data Processing","https://old.nasdaq.com/symbol/oblg",
"OCX","OncoCyte Corporation","1.82","$122.4M","2015","Health Care","Biotechnology: In Vitro & In Vivo Diagnostic Substances","https://old.nasdaq.com/symbol/ocx",
"OGEN","Oragenics Inc.","1.06","$64.55M","n/a","Health Care","Major Pharmaceuticals","https://old.nasdaq.com/symbol/ogen",
"PCG^A","Pacific Gas & Electric Co.","29.65","n/a","n/a","n/a","n/a","https://old.nasdaq.com/symbol/pcg^a",
"PCG^B","Pacific Gas & Electric Co.","27.3","n/a","n/a","n/a","n/a","https://old.nasdaq.com/symbol/pcg^b",
"PCG^C","Pacific Gas & Electric Co.","25.65","n/a","n/a","n/a","n/a","https://old.nasdaq.com/symbol/pcg^c",
"PCG^D","Pacific Gas & Electric Co.","25.3","n/a","n/a","n/a","n/a","https://old.nasdaq.com/symbol/pcg^d",
"PCG^E","Pacific Gas & Electric Co.","25.25","n/a","n/a","n/a","n/a","https://old.nasdaq.com/symbol/pcg^e",
"PCG^G","Pacific Gas & Electric Co.","24.25","n/a","n/a","n/a","n/a","https://old.nasdaq.com/symbol/pcg^g",
"PCG^H","Pacific Gas & Electric Co.","23.375","n/a","n/a","n/a","n/a","https://old.nasdaq.com/symbol/pcg^h",
"PCG^I","Pacific Gas & Electric Co.","24.36","n/a","n/a","n/a","n/a","https://old.nasdaq.com/symbol/pcg^i",
"PTN","Palatin Technologies, Inc.","0.56","$128.38M","n/a","Health Care","Major Pharmaceuticals","https://old.nasdaq.com/symbol/ptn",
"PZG","Paramount Gold Nevada Corp.","1.29","$42.52M","2015","Basic Industries","Precious Metals","https://old.nasdaq.com/symbol/pzg",
"PRK","Park National Corporation","84.67","$1.38B","n/a","Finance","Major Banks","https://old.nasdaq.com/symbol/prk",
"PED","Pedevco Corp.","0.8268","$59.63M","n/a","Energy","Oil & Gas Production","https://old.nasdaq.com/symbol/ped",
"PFNX","Pfenex Inc.","8.31","$284.97M","2014","Health Care","Major Pharmaceuticals","https://old.nasdaq.com/symbol/pfnx",
"HNW","Pioneer Diversified High Income Trust","12.87","$107.24M","2007","n/a","n/a","https://old.nasdaq.com/symbol/hnw",
"PLAG","Planet Green Holdings Corp","1.94","$21.39M","n/a","Consumer Non-Durables","Packaged Foods","https://old.nasdaq.com/symbol/plag",
"PLG","Platinum Group Metals Ltd.","2.34","$147.12M","n/a","Basic Industries","Precious Metals","https://old.nasdaq.com/symbol/plg",
"PLYM^A","Plymouth Industrial REIT, Inc.","25.12","n/a","n/a","n/a","n/a","https://old.nasdaq.com/symbol/plym^a",
"PLM","Polymet Mining Corp.","0.4855","$488.57M","n/a","Basic Industries","Precious Metals","https://old.nasdaq.com/symbol/plm",
"PW","Power REIT","23.38","$44.72M","n/a","Consumer Services","Real Estate Investment Trusts","https://old.nasdaq.com/symbol/pw",
"PW^A","Power REIT","26.49","n/a","n/a","n/a","n/a","https://old.nasdaq.com/symbol/pw^a",
"PLX","Protalix BioTherapeutics, Inc.","3.59","$116.47M","n/a","Health Care","Biotechnology: Biological Products (No Diagnostic Substances)","https://old.nasdaq.com/symbol/plx",
"PTK.U","PTK Acquisition Corp.","n/a","n/a","2020","n/a","n/a","https://old.nasdaq.com/symbol/ptk.u",
"RLGT","Radiant Logistics, Inc.","4.67","$230.68M","n/a","Transportation","Oil Refining/Marketing","https://old.nasdaq.com/symbol/rlgt",
"UTG","Reaves Utility Income Fund","32.17","$1.59B","2004","n/a","n/a","https://old.nasdaq.com/symbol/utg",
"RHE","Regional Health Properties, Inc.","1.83","$3.09M","2017","Health Care","Hospital/Nursing Management","https://old.nasdaq.com/symbol/rhe",
"RHE^A","Regional Health Properties, Inc.","1.91","n/a","n/a","n/a","n/a","https://old.nasdaq.com/symbol/rhe^a",
"RCG","RENN Fund, Inc.","1.33","$7.92M","n/a","n/a","n/a","https://old.nasdaq.com/symbol/rcg",
"RVP","Retractable Technologies, Inc.","10.18","$332.71M","n/a","Health Care","Medical/Dental Instruments","https://old.nasdaq.com/symbol/rvp",
"REI","Ring Energy, Inc.","1.14","$77.49M","n/a","Energy","Oil & Gas Production","https://old.nasdaq.com/symbol/rei",
"SACC","Sachem Capital Corp.","24.55","n/a","2019","Consumer Services","Real Estate Investment Trusts","https://old.nasdaq.com/symbol/sacc",
"SACH","Sachem Capital Corp.","3.53","$78.07M","2017","Consumer Services","Real Estate Investment Trusts","https://old.nasdaq.com/symbol/sach",
"SCCB","Sachem Capital Corp.","24.78","n/a","2019","Consumer Services","Real Estate Investment Trusts","https://old.nasdaq.com/symbol/sccb",
"SNMP","Sanchez Midstream Partners LP","0.3199","$6.38M","n/a","Energy","Oil & Gas Production","https://old.nasdaq.com/symbol/snmp",
"SEB","Seaboard Corporation","2856.98","$3.32B","1996","Finance","Investment Bankers/Brokers/Service","https://old.nasdaq.com/symbol/seb",
"SENS","Senseonics Holdings, Inc.","0.476","$108.36M","n/a","Capital Goods","Industrial Machinery/Components","https://old.nasdaq.com/symbol/sens",
"SVT","Servotronics, Inc.","8.7","$21.55M","n/a","Capital Goods","Industrial Machinery/Components","https://old.nasdaq.com/symbol/svt",
"SMTS","Sierra Metals Inc.","1.66","$270.27M","n/a","Basic Industries","Precious Metals","https://old.nasdaq.com/symbol/smts",
"SIF","SIFCO Industries, Inc.","4.295","$25.41M","n/a","Capital Goods","Aerospace","https://old.nasdaq.com/symbol/sif",
"SVM","Silvercorp Metals Inc.","7.37","$1.28B","n/a","Basic Industries","Precious Metals","https://old.nasdaq.com/symbol/svm",
"SILV","SilverCrest Metals Inc.","9.61","$1.04B","2018","Basic Industries","Precious Metals","https://old.nasdaq.com/symbol/silv",
"XPL","Solitario Zinc Corp.","0.4008","$23.29M","n/a","Basic Industries","Precious Metals","https://old.nasdaq.com/symbol/xpl",
"SCE^B","Southern California Edison Company","23.56","n/a","n/a","n/a","n/a","https://old.nasdaq.com/symbol/sce^b",
"SCE^C","Southern California Edison Company","23.6","n/a","n/a","n/a","n/a","https://old.nasdaq.com/symbol/sce^c",
"SCE^D","Southern California Edison Company","23.75","n/a","n/a","n/a","n/a","https://old.nasdaq.com/symbol/sce^d",
"SCE^E","Southern California Edison Company","24.55","n/a","n/a","n/a","n/a","https://old.nasdaq.com/symbol/sce^e",
"LOV","Spark Networks, Inc.","5.47","$142.53M","2017","Consumer Services","Other Consumer Services","https://old.nasdaq.com/symbol/lov",
"STXS","Stereotaxis, Inc.","3.87","$281.35M","n/a","Health Care","Biotechnology: Electromedical & Electrotherapeutic Apparatus","https://old.nasdaq.com/symbol/stxs",
"SSY","SunLink Health Systems, Inc.","0.945","$6.52M","n/a","Health Care","Hospital/Nursing Management","https://old.nasdaq.com/symbol/ssy",
"SDPI","Superior Drilling Products, Inc.","0.5463","$13.9M","2014","Energy","Metal Fabrications","https://old.nasdaq.com/symbol/sdpi",
"SYN","Synthetic Biologics, Inc","0.587","$11.41M","n/a","Health Care","Major Pharmaceuticals","https://old.nasdaq.com/symbol/syn",
"TKAT","Takung Art Co., Ltd.","0.935","$10.54M","n/a","Consumer Services","Other Specialty Stores","https://old.nasdaq.com/symbol/tkat",
"TALO.WS","Talos Energy, Inc.","n/a","n/a","n/a","n/a","n/a","https://old.nasdaq.com/symbol/talo.ws",
"TRX","Tanzanian Gold Corporation","0.9","$142.98M","n/a","Basic Industries","Precious Metals","https://old.nasdaq.com/symbol/trx",
"TGB","Taseko Mines Limited","0.7892","$194.3M","n/a","Basic Industries","Precious Metals","https://old.nasdaq.com/symbol/tgb",
"TGC","Tengasco, Inc.","0.7116","$7.6M","n/a","Energy","Oil & Gas Production","https://old.nasdaq.com/symbol/tgc",
"GLU","The Gabelli Global Utility and Income Trust","16.665","$89.48M","2004","n/a","n/a","https://old.nasdaq.com/symbol/glu",
"GLU^A","The Gabelli Global Utility and Income Trust","44.24","n/a","n/a","n/a","n/a","https://old.nasdaq.com/symbol/glu^a",
"GLU^B","The Gabelli Global Utility and Income Trust","51.85","n/a","n/a","n/a","n/a","https://old.nasdaq.com/symbol/glu^b",
"GGO","The Gabelli Go Anywhere Trust","10.74","$16.65M","2016","n/a","n/a","https://old.nasdaq.com/symbol/ggo",
"GGO^A","The Gabelli Go Anywhere Trust","40.66","n/a","n/a","n/a","n/a","https://old.nasdaq.com/symbol/ggo^a",
"TDW.WS","Tidewater Inc.","n/a","n/a","n/a","n/a","n/a","https://old.nasdaq.com/symbol/tdw.ws",
"TMBR","Timber Pharmaceuticals, Inc.","1.85","$21.92M","2015","Health Care","Major Pharmaceuticals","https://old.nasdaq.com/symbol/tmbr",
"TMP","Tompkins Financial Corporation","68.73","$1.03B","n/a","Finance","Major Banks","https://old.nasdaq.com/symbol/tmp",
"TAT","Transatlantic Petroleum Ltd","0.3399","$21.32M","n/a","Energy","Oil & Gas Production","https://old.nasdaq.com/symbol/tat",
"TRXC","TransEnterix, Inc.","0.4401","$43.96M","n/a","Health Care","Medical/Dental Instruments","https://old.nasdaq.com/symbol/trxc",
"TMQ","Trilogy Metals Inc.","2.09","$294.62M","n/a","Basic Industries","Precious Metals","https://old.nasdaq.com/symbol/tmq",
"TPHS","Trinity Place Holdings Inc.","1.33","$42.82M","n/a","Consumer Services","Building operators","https://old.nasdaq.com/symbol/tphs",
"TRT","Trio-Tech International","3.443","$12.65M","n/a","Technology","Industrial Machinery/Components","https://old.nasdaq.com/symbol/trt",
"UFAB","Unique Fabricating, Inc.","3.13","$30.61M","2015","Capital Goods","Auto Parts:O.E.M.","https://old.nasdaq.com/symbol/ufab",
"UAMY","United States Antimony Corporation","0.4923","$34.42M","n/a","Capital Goods","Metal Fabrications","https://old.nasdaq.com/symbol/uamy",
"UUU","Universal Security Instruments, Inc.","2.85","$6.59M","n/a","Technology","Electronic Components","https://old.nasdaq.com/symbol/uuu",
"URG","Ur Energy Inc","0.54","$86.66M","n/a","Basic Industries","Precious Metals","https://old.nasdaq.com/symbol/urg",
"UEC","Uranium Energy Corp.","1.03","$189.71M","n/a","Basic Industries","Precious Metals","https://old.nasdaq.com/symbol/uec",
"VGZ","Vista Gold Corporation","1.28","$130.68M","n/a","Basic Industries","Precious Metals","https://old.nasdaq.com/symbol/vgz",
"VNRX","VolitionRX Limited","3.35","$154.86M","2015","Health Care","Biotechnology: In Vitro & In Vivo Diagnostic Substances","https://old.nasdaq.com/symbol/vnrx",
"VOLT","Volt Information Sciences, Inc.","1.42","$30.4M","n/a","Technology","Professional Services","https://old.nasdaq.com/symbol/volt",
"EAD","Wells Fargo Income Opportunities Fund","7.48","$453.46M","2003","n/a","n/a","https://old.nasdaq.com/symbol/ead",
"ERC","Wells Fargo Multi-Sector Income Fund","11.45","$344.42M","2003","n/a","n/a","https://old.nasdaq.com/symbol/erc",
"ERH","Wells Fargo Utilities and High Income Fund","13.21","$122.46M","2004","n/a","n/a","https://old.nasdaq.com/symbol/erh",
"WRN","Western Copper and Gold Corporation","1.19","$137.06M","2011","Basic Industries","Precious Metals","https://old.nasdaq.com/symbol/wrn",
"WYY","WidePoint Corporation","0.8126","$70.01M","n/a","Technology","EDP Services","https://old.nasdaq.com/symbol/wyy",
"WTT","Wireless Telecom Group,  Inc.","1.39","$30.09M","n/a","Capital Goods","Electrical Products","https://old.nasdaq.com/symbol/wtt",
"XTNT","Xtant Medical Holdings, Inc.","1.11","$14.68M","n/a","Health Care","Biotechnology: Biological Products (No Diagnostic Substances)","https://old.nasdaq.com/symbol/xtnt",
"ZDGE","Zedge, Inc.","1.41","$17.2M","2016","Technology","Computer Software: Prepackaged Software","https://old.nasdaq.com/symbol/zdge",
"ZOM","Zomedica Pharmaceuticals Corp.","0.1563","$81.83M","2017","Health Care","Major Pharmaceuticals","https://old.nasdaq.com/symbol/zom",
